-- V036 — FSMA 204 Regulatory Seed Data
-- Full 21 CFR Part 1 Subpart S: regulations, obligations, controls, and FTL
-- Generated from production data export
-- Tenant: 5946c58f-ddf9-4db0-9baa-acb11c6fce91 (demo)

BEGIN;

-- Create regulatory control-plane tables if the pre-baseline chain has not
-- already created them. Older Flyway deployments had these tables before
-- V036; a true Alembic fresh DB starts from zero and needs them here before
-- the seed data below can run.
CREATE TABLE IF NOT EXISTS regulations (
    id UUID PRIMARY KEY DEFAULT gen_random_uuid(),
    tenant_id UUID NOT NULL,
    source_name TEXT NOT NULL,
    citation TEXT NOT NULL,
    section TEXT,
    text TEXT NOT NULL,
    effective_date DATE,
    created_at TIMESTAMPTZ NOT NULL DEFAULT NOW()
);

CREATE TABLE IF NOT EXISTS obligations (
    id UUID PRIMARY KEY DEFAULT gen_random_uuid(),
    tenant_id UUID NOT NULL,
    regulation_id UUID REFERENCES regulations(id) ON DELETE CASCADE,
    obligation_text TEXT,
    title TEXT,
    description TEXT,
    risk_category TEXT,
    status TEXT DEFAULT 'active',
    due_date DATE,
    created_at TIMESTAMPTZ NOT NULL DEFAULT NOW()
);

CREATE TABLE IF NOT EXISTS controls (
    id UUID PRIMARY KEY DEFAULT gen_random_uuid(),
    tenant_id UUID NOT NULL,
    obligation_id UUID REFERENCES obligations(id) ON DELETE CASCADE,
    control_name TEXT,
    title TEXT,
    description TEXT,
    control_type TEXT,
    frequency TEXT,
    threshold_value TEXT,
    status TEXT DEFAULT 'active',
    created_at TIMESTAMPTZ NOT NULL DEFAULT NOW()
);

-- Create food_traceability_list table if not exists
CREATE TABLE IF NOT EXISTS food_traceability_list (
    id UUID PRIMARY KEY DEFAULT gen_random_uuid(),
    category TEXT NOT NULL,
    food_name TEXT NOT NULL,
    description TEXT,
    outbreak_risk TEXT NOT NULL CHECK (outbreak_risk IN ('HIGH', 'MODERATE')),
    applicable_ctes TEXT[] NOT NULL,
    required_kdes JSONB NOT NULL DEFAULT '{}',
    cfr_sections TEXT[] NOT NULL,
    examples TEXT[],
    exclusions TEXT[],
    effective_date DATE NOT NULL DEFAULT '2026-01-20',
    created_at TIMESTAMPTZ NOT NULL DEFAULT NOW()
);

-- Fix overly restrictive CHECK constraints from earlier migrations
ALTER TABLE obligations DROP CONSTRAINT IF EXISTS obligations_risk_category_check;
ALTER TABLE obligations ADD CONSTRAINT obligations_risk_category_check CHECK (risk_category IN ('CRITICAL', 'HIGH', 'MEDIUM', 'LOW', 'disparate_impact', 'disparate_treatment', 'documentation'));

ALTER TABLE controls DROP CONSTRAINT IF EXISTS controls_control_type_check;
ALTER TABLE controls ADD CONSTRAINT controls_control_type_check CHECK (control_type IN ('statistical_test', 'documentation', 'monitoring', 'preventive', 'detective', 'corrective'));

ALTER TABLE controls DROP CONSTRAINT IF EXISTS controls_frequency_check;
ALTER TABLE controls ADD CONSTRAINT controls_frequency_check CHECK (frequency IN ('real_time', 'monthly', 'quarterly', 'per_event', 'daily', 'weekly', 'semi-annual', 'annual', 'upon_change'));

-- Idempotent: clear existing seed data for demo tenant
DELETE FROM controls WHERE tenant_id = '5946c58f-ddf9-4db0-9baa-acb11c6fce91';
DELETE FROM obligations WHERE tenant_id = '5946c58f-ddf9-4db0-9baa-acb11c6fce91';
DELETE FROM regulations WHERE tenant_id = '5946c58f-ddf9-4db0-9baa-acb11c6fce91';
DELETE FROM food_traceability_list WHERE effective_date = '2026-01-20';

-- ============================================================
-- REGULATIONS (16 sections of 21 CFR Part 1 Subpart S)
-- ============================================================
INSERT INTO regulations (id, tenant_id, source_name, citation, section, text, effective_date) VALUES ('c65ccfe0-1f9e-45c7-a4ca-c62a751cc96f', '5946c58f-ddf9-4db0-9baa-acb11c6fce91', 'FSMA Section 204 / 21 CFR Part 1 Subpart S', '21 CFR §1.1300', 'Applicability', 'This subpart applies to persons who manufacture, process, pack, or hold foods that appear on the Food Traceability List (FTL) designated by FDA under section 204(d)(2) of the FDA Food Safety Modernization Act. The FTL includes foods specifically listed and foods that contain listed foods as ingredients, provided the listed food remains in the same form in which it appears on the list. The list is published at www.fda.gov.', '2026-01-20');
INSERT INTO regulations (id, tenant_id, source_name, citation, section, text, effective_date) VALUES ('e9fd535d-08ba-45cc-996d-9ec0e903a574', '5946c58f-ddf9-4db0-9baa-acb11c6fce91', 'FSMA Section 204 / 21 CFR Part 1 Subpart S', '21 CFR §1.1305', 'Exemptions', 'Exemptions from this subpart: (a) Small produce farms not covered under Part 112 or averaging ≤$25,000 annual sales (inflation-adjusted to 2020); shell egg producers with <3,000 laying hens; other RAC producers averaging ≤$25,000 annual sales. (b) Food produced and sold/donated directly to consumers by farm owner/operator. (c) Farm-packaged food with intact packaging and farm labeling (name, address, phone). (d) Produce receiving commercial processing that reduces pathogens; shell eggs receiving required treatment; foods subjected to kill steps; foods no longer on FTL; foods previously treated with kill steps. (e) Produce rarely consumed raw per §112.2(a)(1). (f) Raw bivalve molluscan shellfish under NSSP. (g) Foods under exclusive USDA jurisdiction (meat, poultry, egg products). (h) Commingled RACs with written agreements; FDA-registered entities must maintain source records for 2 years. (i) Small retail food establishments/restaurants with ≤$250,000 average annual sales (inflation-adjusted). (j) Retail establishments purchasing directly from farms; maintain farm source records for 180 days. (k) Ad hoc retail-to-retail purchases; purchaser maintains receipt documentation. (l) Farm-to-school programs; maintain farm records for 180 days. (m) Fishing vessels; FDA-registered entities maintain source records for 2 years. (n) Transporters of food. (o) Nonprofit food establishments. (p) Food manufactured/processed for personal consumption. (q) Food held for individual consumers (non-business, non-transactional). (r) Non-retail research/evaluation food with appropriate statement.', '2026-01-20');
INSERT INTO regulations (id, tenant_id, source_name, citation, section, text, effective_date) VALUES ('61852b56-292d-4591-aaec-c624ac1e01cd', '5946c58f-ddf9-4db0-9baa-acb11c6fce91', 'FSMA Section 204 / 21 CFR Part 1 Subpart S', '21 CFR §1.1310', 'Definitions', 'Key definitions: Critical Tracking Event (CTE): supply chain event involving harvesting, cooling (before initial packing), initial packing of RACs (except fishing vessel food), first land-based receiving of fishing vessel food, shipping, receiving, or transformation. Key Data Element (KDE): information associated with CTEs requiring records under this subpart. Traceability Lot: batch or lot of food that has been initially packed, received by first land-based receiver, or transformed. Traceability Lot Code (TLC): alphanumeric descriptor uniquely identifying a traceability lot within records of the code source. Food Traceability List (FTL): designated list of foods requiring additional traceability records per FSMA section 204(d)(2). Kill Step: lethality processing significantly minimizing pathogens. Transformation: manufacturing/processing food or changing food (commingling, repacking, relabeling) or packaging/packing when output is an FTL food, excluding initial packing. Location Description: business name, phone number, physical address (or geographic coordinates), city, state, zip code (or comparable foreign information including country). Product Description: food description including product name (brand, commodity, variety), packaging size, packaging style; for seafood may include species/acceptable market name. Reference Document: business transaction document containing some or all KDEs for CTEs, including bills of lading, purchase orders, advance shipping notices, work orders, invoices, database records, batch logs, production logs, field tags, catch certificates, receipts. Shipping: arranging food transport from one location to another, excluding direct consumer sales/donations, including intracompany shipments between different addresses. Receiving: food received by non-consumer after transportation from another location, including intracompany shipments. Cooling: active temperature reduction using hydrocooling, icing, forced air cooling, vacuum cooling, or similar process. Harvesting: farm activities removing RACs from growing/raising locations. Initial Packing: first packing of RAC excluding fishing vessel food. First Land-Based Receiver: person taking possession of food from a fishing vessel on land for the first time.', '2026-01-20');
INSERT INTO regulations (id, tenant_id, source_name, citation, section, text, effective_date) VALUES ('34a3523d-abbe-4e5a-8839-9faf4d40814a', '5946c58f-ddf9-4db0-9baa-acb11c6fce91', 'FSMA Section 204 / 21 CFR Part 1 Subpart S', '21 CFR §1.1315', 'Traceability Plan', 'Each person subject to this subpart must establish and maintain a traceability plan containing: (a)(1) Description of procedures used to maintain required records, including format and location. (a)(2) Description of procedures for identifying FTL foods manufactured, processed, packed, or held. (a)(3) Description of how traceability lot codes are assigned per §1.1320 (if applicable). (a)(4) Statement identifying a point of contact (name, job title, phone number) for questions regarding traceability plan and records. (a)(5)(i) For farms growing/raising food (other than eggs): map showing location and name of each field or growing area with geographic coordinates and other identifying information. (a)(5)(ii) For aquaculture: map showing location and name of each container (pond, pool, tank, cage) with geographic coordinates and identifying details. (b) Traceability plans must be updated to reflect current practices; previous versions retained for 2 years after updates.', '2026-01-20');
INSERT INTO regulations (id, tenant_id, source_name, citation, section, text, effective_date) VALUES ('312831bf-7f99-4b2c-a401-4b8f008d60b3', '5946c58f-ddf9-4db0-9baa-acb11c6fce91', 'FSMA Section 204 / 21 CFR Part 1 Subpart S', '21 CFR §1.1320', 'Traceability Lot Code Assignment', '(a) You must assign a traceability lot code when you: (1) initially pack a raw agricultural commodity (other than fishing vessel food); (2) receive food as first land-based receiver from a fishing vessel; or (3) transform food. (b) You must NOT establish a new traceability lot code when you conduct other activities, such as shipping, for food already on the Food Traceability List. A traceability lot code must be an alphanumeric descriptor that uniquely identifies the traceability lot within your records.', '2026-01-20');
INSERT INTO regulations (id, tenant_id, source_name, citation, section, text, effective_date) VALUES ('9d8ca564-c5c3-4f53-8607-cbf25327b589', '5946c58f-ddf9-4db0-9baa-acb11c6fce91', 'FSMA Section 204 / 21 CFR Part 1 Subpart S', '21 CFR §1.1325', 'Harvesting and Cooling Records', 'HARVESTING: (a)(1) If you harvest a RAC on the FTL (other than fishing vessel food), you must maintain records with the following KDEs linked to each traceability lot: (i) Location description for the immediate subsequent recipient (other than a transporter); (ii) Commodity and, if applicable, variety of the food; (iii) Quantity and unit of measure of the food (e.g., 75 bins, 200 pounds); (iv) Location description for the farm where the food was harvested; (v) For produce: the name of the field or other growing area from which the food was harvested (which may be set forth in the farm map in your traceability plan); for aquacultured food: the name of the container from which it was harvested; (vi) The date of harvesting; (vii) The reference document type and reference document number. (a)(2) You must provide (except reference documents) to the initial packer of the RAC or, if applicable, the person who cooled the RAC before initial packing. COOLING: (b)(1) If you cool a RAC on the FTL before it is initially packed (other than fishing vessel food), you must maintain records with KDEs: (i) Location description for the immediate subsequent recipient; (ii) Commodity and variety; (iii) Quantity and unit of measure; (iv) Location description for the cooling location; (v) Date of cooling; (vi) Location description for the farm where the food was harvested; (vii) Reference document type and number. (b)(2) You must provide the information (except reference documents) to the initial packer directly or through the supply chain.', '2026-01-20');
INSERT INTO regulations (id, tenant_id, source_name, citation, section, text, effective_date) VALUES ('580cfe3c-6f53-49ce-9376-aed1bbfaed4a', '5946c58f-ddf9-4db0-9baa-acb11c6fce91', 'FSMA Section 204 / 21 CFR Part 1 Subpart S', '21 CFR §1.1330', 'Initial Packing Records', 'If you are performing initial packing of a RAC (other than fishing vessel food) on the FTL, you must maintain records linking the following KDEs to each traceability lot: (a) For most commodities: (1) Commodity and variety of food received; (2) Date received; (3) Quantity and unit of measure received; (4) Location description for farm where harvested; (5) Name of field/growing area (produce) or container (aquacultured food); (6) Business name and phone number of harvester; (7) Date of harvesting; (8) Location description for cooling (if applicable); (9) Date of cooling (if applicable); (10) Traceability lot code you assigned; (11) Product description for the packed food; (12) Quantity and unit of measure of the packed food; (13) Location description for where you initially packed the food (traceability lot code source), and if applicable, the traceability lot code source reference; (14) Date of initial packing; (15) Reference document type and number. (b) For sprouts: additional records including seed grower location and harvest date, seed conditioner/processor details, seed packinghouse information, seed supplier location and lot codes, seed description (type, growing specifications, packaging, antimicrobial treatment if applicable), seed receipt date. (c) When receiving from entities not subject to this subpart: simplified requirements excluding farm-level details.', '2026-01-20');
INSERT INTO regulations (id, tenant_id, source_name, citation, section, text, effective_date) VALUES ('a78f745f-ff25-4e28-9510-054e7d85883c', '5946c58f-ddf9-4db0-9baa-acb11c6fce91', 'FSMA Section 204 / 21 CFR Part 1 Subpart S', '21 CFR §1.1335', 'First Land-Based Receiver Records', 'If you are the first land-based receiver of a food on the FTL obtained from a fishing vessel, you must maintain records for each traceability lot containing: (1) The traceability lot code you assigned; (2) The species and/or acceptable market name for unpackaged food, or the product description for packaged food; (3) Quantity and unit of measure; (4) The harvest date range and locations for the trip during which the food was caught, using National Marine Fisheries Service Ocean Geographic Code, FAO Major Fishing Area code, or equivalent standard; (5) The location description for where you received the food (first land-based receiver location), and if applicable, the traceability lot code source reference; (6) The date you received the food (landing date); (7) The reference document type and reference document number.', '2026-01-20');
INSERT INTO regulations (id, tenant_id, source_name, citation, section, text, effective_date) VALUES ('c72ec3fe-3c0a-4f93-971a-c78052e20b41', '5946c58f-ddf9-4db0-9baa-acb11c6fce91', 'FSMA Section 204 / 21 CFR Part 1 Subpart S', '21 CFR §1.1340', 'Shipping Records', '(a) When you ship a food on the FTL (except as specified in paragraph (c)), you must maintain records linking the following KDEs to each traceability lot: (1) The traceability lot code for the food; (2) The quantity and unit of measure of the food (e.g., 6 cases, 25 returnable plastic containers, 100 tanks, 200 pounds); (3) The product description for the food; (4) The location description for the immediate subsequent recipient (other than a transporter) of the food; (5) The location description for the location from which you shipped the food; (6) The date you shipped the food; (7) The location description for the traceability lot code source, or the traceability lot code source reference; (8) The reference document type and reference document number. (b) You must provide information items (1) through (7) to the immediate subsequent recipient (other than a transporter) in electronic, paper, or other written form. (c) This section does not apply to the shipment of a RAC (other than food from a fishing vessel) that occurs before the initial packing of that RAC.', '2026-01-20');
INSERT INTO regulations (id, tenant_id, source_name, citation, section, text, effective_date) VALUES ('9c823d59-2fcd-49be-805e-e06cc8f858dc', '5946c58f-ddf9-4db0-9baa-acb11c6fce91', 'FSMA Section 204 / 21 CFR Part 1 Subpart S', '21 CFR §1.1345', 'Receiving Records', '(a) Except as specified in paragraphs (b) and (c), when you receive a food on the FTL, you must maintain records linking the following KDEs to each traceability lot: (1) The traceability lot code for the food; (2) The quantity and unit of measure of the food (e.g., 6 cases, 25 returnable plastic containers, 100 tanks, 200 pounds); (3) The product description for the food; (4) The location description for the immediate previous source (other than a transporter) of the food; (5) The location description for where the food was received; (6) The date you received the food; (7) The location description for the traceability lot code source, or the traceability lot code source reference; (8) The reference document type and reference document number. (b) When receiving from sources not subject to this subpart, you must maintain similar records and assign a traceability lot code if one has not been assigned (except for retail establishments or restaurants). (c) Does not apply to receipt of RACs before initial packing or receipt by first land-based receiver of fishing vessel food.', '2026-01-20');
INSERT INTO regulations (id, tenant_id, source_name, citation, section, text, effective_date) VALUES ('60c7b3ec-005d-4610-97f1-3bb3ea9ccb95', '5946c58f-ddf9-4db0-9baa-acb11c6fce91', 'FSMA Section 204 / 21 CFR Part 1 Subpart S', '21 CFR §1.1350', 'Transformation Records', 'When you transform a food on the FTL, for each new traceability lot you must maintain records containing: FOR EACH INPUT FOOD ON THE FTL USED: (1) The traceability lot code for the food; (2) The product description for the food; (3) The quantity and unit of measure of the food used from each lot. FOR THE TRANSFORMED OUTPUT: (4) The new traceability lot code for the food; (5) The location description for where you transformed the food (including traceability lot code source reference if applicable); (6) The date transformation was completed; (7) The product description for the new food; (8) The quantity and unit of measure of the new food; (9) The reference document type and reference document number. EXCEPTIONS: For RACs (excluding fishing vessel food) received unpacked for transformation, follow §1.1330(a) or (c) initial packing requirements. For sprouts, additionally follow §1.1330(b). Retail establishments and restaurants are exempt for food sold directly to consumers.', '2026-01-20');
INSERT INTO regulations (id, tenant_id, source_name, citation, section, text, effective_date) VALUES ('3c459400-5de5-4eac-9809-c9edcd97de02', '5946c58f-ddf9-4db0-9baa-acb11c6fce91', 'FSMA Section 204 / 21 CFR Part 1 Subpart S', '21 CFR §1.1360', 'Modified Requirements and Exemptions', 'FDA may modify the requirements in this subpart that apply to a food or type of entity, or exempt a food or type of entity from the requirements, when FDA determines that application of the requirements is not necessary to protect public health. Modifications or exemptions may be initiated by petition or by FDA on its own initiative. Petitions must follow the procedures in 21 CFR §10.30 and include specific information about the food or entity type, the requirements at issue, and supporting evidence. FDA will publish proposed modifications/exemptions in the Federal Register with a 60-day comment period.', '2026-01-20');
INSERT INTO regulations (id, tenant_id, source_name, citation, section, text, effective_date) VALUES ('5b5e47d6-e879-4180-844c-7ef149a22595', '5946c58f-ddf9-4db0-9baa-acb11c6fce91', 'FSMA Section 204 / 21 CFR Part 1 Subpart S', '21 CFR §1.1405', 'Waivers', 'FDA may waive one or more requirements of this subpart for an individual entity or a type of entity when FDA determines that: (1) The waiver will not significantly impair FDA ability to rapidly and effectively identify recipients of a food to prevent or mitigate a foodborne illness outbreak or address credible threats of serious adverse health consequences or death; and (2) The waiver is in the interest of public health, taking into account the entity''s stored data and procedures for providing information to FDA within 24 hours. Individual entity waivers may be requested directly. Type-of-entity waivers follow petition procedures. Waivers may be subject to conditions.', '2026-01-20');
INSERT INTO regulations (id, tenant_id, source_name, citation, section, text, effective_date) VALUES ('e4f48ff4-21ae-4783-a272-c8ce0c569518', '5946c58f-ddf9-4db0-9baa-acb11c6fce91', 'FSMA Section 204 / 21 CFR Part 1 Subpart S', '21 CFR §1.1455', 'Record Maintenance and Availability', '(a) Records must be maintained as original paper or electronic records, or true copies, and must be legible and stored to prevent deterioration or loss. (b) Other entities may maintain records on your behalf, but you retain responsibility for retrieval and onsite provision within 24 hours. (c) Records must be available within 24 hours upon FDA request (or within reasonable agreed time), including coding systems and glossaries. (d) Offsite storage permitted if retrievable and providable onsite within 24 hours; electronic records satisfy this if accessible from onsite location. (e) In outbreak prevention or recall situations, information must be available within 24 hours via in-person or remote FDA request. (f) Records must generally be provided in electronic sortable spreadsheet format. Exemptions: farms with ≤$250,000 average annual sales, retail establishments with ≤$1M sales, and other entities with ≤$1M sales (all inflation-adjusted to 2020). Religious belief accommodations also permitted. (g) English translations required within reasonable time for non-English records. (h) Records must be retained for 2 years from creation/receipt date. (i) Traceability plan must document record format and location per §1.1315(a)(1). (j) Existing business records containing required information may be used without duplication.', '2026-01-20');
INSERT INTO regulations (id, tenant_id, source_name, citation, section, text, effective_date) VALUES ('7d1e9b20-1fce-48d2-84d8-d79a10980126', '5946c58f-ddf9-4db0-9baa-acb11c6fce91', 'FSMA Section 204 / 21 CFR Part 1 Subpart S', '21 CFR §1.1460', 'Enforcement and Consequences', 'Failure to comply with the requirements of this subpart is a prohibited act under section 301(e) of the Federal Food, Drug, and Cosmetic Act (21 U.S.C. 331(e)). An article of food that is in violation of the requirements of this subpart is subject to refusal of admission into the United States under section 801(a) of the FD&C Act (21 U.S.C. 381(a)), except that food offered for import by a farm shall not be refused admission because of a violation of the requirements of this subpart by that farm.', '2026-01-20');
INSERT INTO regulations (id, tenant_id, source_name, citation, section, text, effective_date) VALUES ('616ef276-e14d-4f0a-b9b7-64a601ad7f16', '5946c58f-ddf9-4db0-9baa-acb11c6fce91', 'FSMA Section 204 / 21 CFR Part 1 Subpart S', '21 CFR §1.1465', 'Food Traceability List Updates', 'FDA will update the Food Traceability List using a science-based risk-ranking model. Deletions from the list become effective immediately upon Federal Register publication. Additions to the list become effective 2 years after the Federal Register notice date, unless a different effective date is specified. Updates will consider factors including: (1) severity and length of illness; (2) domestic occurrence; (3) likelihood of contamination; (4) potential for growth/survival during manufacturing; (5) food consumption patterns; (6) point of origin and distribution in commerce; and (7) cost-effectiveness of additional recordkeeping.', '2026-01-20');

-- ============================================================
-- OBLIGATIONS (82 actionable requirements)
-- ============================================================
INSERT INTO obligations (id, tenant_id, regulation_id, obligation_text, risk_category) VALUES ('050253ad-8467-45f1-879d-a340f46ba12b', '5946c58f-ddf9-4db0-9baa-acb11c6fce91', '580cfe3c-6f53-49ce-9376-aed1bbfaed4a', 'INITIAL PACKING: Record initial packing location description and TLC source reference', 'HIGH');
INSERT INTO obligations (id, tenant_id, regulation_id, obligation_text, risk_category) VALUES ('0890b348-6f22-411c-9c40-e4f762a0adb4', '5946c58f-ddf9-4db0-9baa-acb11c6fce91', 'c72ec3fe-3c0a-4f93-971a-c78052e20b41', 'SHIPPING: Record date shipped', 'HIGH');
INSERT INTO obligations (id, tenant_id, regulation_id, obligation_text, risk_category) VALUES ('08db27af-293c-429d-8f82-bea0de63dd85', '5946c58f-ddf9-4db0-9baa-acb11c6fce91', 'a78f745f-ff25-4e28-9510-054e7d85883c', 'FIRST LAND-BASED RECEIVER: Assign and record traceability lot code', 'HIGH');
INSERT INTO obligations (id, tenant_id, regulation_id, obligation_text, risk_category) VALUES ('0909ba13-89fd-4f85-b60e-4436053cada6', '5946c58f-ddf9-4db0-9baa-acb11c6fce91', 'a78f745f-ff25-4e28-9510-054e7d85883c', 'FIRST LAND-BASED RECEIVER: Record reference document type and number', 'HIGH');
INSERT INTO obligations (id, tenant_id, regulation_id, obligation_text, risk_category) VALUES ('0f76a512-d425-499f-8d40-d6e4c0ca4ccd', '5946c58f-ddf9-4db0-9baa-acb11c6fce91', '9d8ca564-c5c3-4f53-8607-cbf25327b589', 'COOLING: Record location description for immediate subsequent recipient', 'HIGH');
INSERT INTO obligations (id, tenant_id, regulation_id, obligation_text, risk_category) VALUES ('13aaa834-465b-4430-ab2d-db590d5b2e61', '5946c58f-ddf9-4db0-9baa-acb11c6fce91', '580cfe3c-6f53-49ce-9376-aed1bbfaed4a', 'INITIAL PACKING: Record cooling location and date (if applicable)', 'MEDIUM');
INSERT INTO obligations (id, tenant_id, regulation_id, obligation_text, risk_category) VALUES ('143f8741-f6a7-4eee-bd02-58410966f4da', '5946c58f-ddf9-4db0-9baa-acb11c6fce91', '9d8ca564-c5c3-4f53-8607-cbf25327b589', 'COOLING: Record cooling location description', 'HIGH');
INSERT INTO obligations (id, tenant_id, regulation_id, obligation_text, risk_category) VALUES ('166e6ddb-fb71-496e-9868-5e0975dcdaea', '5946c58f-ddf9-4db0-9baa-acb11c6fce91', '34a3523d-abbe-4e5a-8839-9faf4d40814a', 'Traceability plan must include procedures for identifying which foods you handle are on the Food Traceability List', 'HIGH');
INSERT INTO obligations (id, tenant_id, regulation_id, obligation_text, risk_category) VALUES ('20d13a02-d4b0-479b-a65b-52f57b586941', '5946c58f-ddf9-4db0-9baa-acb11c6fce91', '9d8ca564-c5c3-4f53-8607-cbf25327b589', 'COOLING: Provide all KDEs (except reference docs) to initial packer', 'HIGH');
INSERT INTO obligations (id, tenant_id, regulation_id, obligation_text, risk_category) VALUES ('23267dcb-137a-4486-a55a-459e1f8b4a9f', '5946c58f-ddf9-4db0-9baa-acb11c6fce91', '9d8ca564-c5c3-4f53-8607-cbf25327b589', 'HARVESTING: Record commodity and variety of food', 'HIGH');
INSERT INTO obligations (id, tenant_id, regulation_id, obligation_text, risk_category) VALUES ('241c07ac-b410-4cb3-9aa9-b036cb2ce88e', '5946c58f-ddf9-4db0-9baa-acb11c6fce91', '9c823d59-2fcd-49be-805e-e06cc8f858dc', 'RECEIVING: Record location description for immediate previous source (not transporter)', 'HIGH');
INSERT INTO obligations (id, tenant_id, regulation_id, obligation_text, risk_category) VALUES ('26251ef1-0884-4f2b-b494-408ce7d91320', '5946c58f-ddf9-4db0-9baa-acb11c6fce91', 'e4f48ff4-21ae-4783-a272-c8ce0c569518', 'Retain all required records for 2 years from the date of creation or receipt', 'HIGH');
INSERT INTO obligations (id, tenant_id, regulation_id, obligation_text, risk_category) VALUES ('29f5808b-0115-4f96-ba41-8dd13fa8ddcd', '5946c58f-ddf9-4db0-9baa-acb11c6fce91', '580cfe3c-6f53-49ce-9376-aed1bbfaed4a', 'INITIAL PACKING: Record farm location description where harvested', 'HIGH');
INSERT INTO obligations (id, tenant_id, regulation_id, obligation_text, risk_category) VALUES ('307cd0b5-f9be-4d5b-8c26-cf25334a46ff', '5946c58f-ddf9-4db0-9baa-acb11c6fce91', 'a78f745f-ff25-4e28-9510-054e7d85883c', 'FIRST LAND-BASED RECEIVER: Record landing date', 'HIGH');
INSERT INTO obligations (id, tenant_id, regulation_id, obligation_text, risk_category) VALUES ('316e0811-1f7f-44f1-aa2d-dbfb0cc456ec', '5946c58f-ddf9-4db0-9baa-acb11c6fce91', '312831bf-7f99-4b2c-a401-4b8f008d60b3', 'Assign a unique traceability lot code (TLC) when initially packing a RAC (other than fishing vessel food)', 'HIGH');
INSERT INTO obligations (id, tenant_id, regulation_id, obligation_text, risk_category) VALUES ('3b1e0bc2-ba62-4165-ac01-0c30e663875d', '5946c58f-ddf9-4db0-9baa-acb11c6fce91', '580cfe3c-6f53-49ce-9376-aed1bbfaed4a', 'INITIAL PACKING: Record quantity and unit of measure received', 'HIGH');
INSERT INTO obligations (id, tenant_id, regulation_id, obligation_text, risk_category) VALUES ('3b47d8ab-8498-4b5a-9ad3-a049c0ce636f', '5946c58f-ddf9-4db0-9baa-acb11c6fce91', 'c72ec3fe-3c0a-4f93-971a-c78052e20b41', 'SHIPPING: Record quantity and unit of measure', 'HIGH');
INSERT INTO obligations (id, tenant_id, regulation_id, obligation_text, risk_category) VALUES ('45d5efbf-3f4b-4f0f-8492-ce9310d4cb2d', '5946c58f-ddf9-4db0-9baa-acb11c6fce91', '9d8ca564-c5c3-4f53-8607-cbf25327b589', 'HARVESTING: Record farm location description where food was harvested', 'HIGH');
INSERT INTO obligations (id, tenant_id, regulation_id, obligation_text, risk_category) VALUES ('47878e12-435a-4acc-b085-f605056d3c42', '5946c58f-ddf9-4db0-9baa-acb11c6fce91', 'e4f48ff4-21ae-4783-a272-c8ce0c569518', 'Provide traceability information in electronic sortable spreadsheet format upon FDA request (unless exempt by size)', 'HIGH');
INSERT INTO obligations (id, tenant_id, regulation_id, obligation_text, risk_category) VALUES ('4a14af8d-f28e-404a-b530-23334787f91f', '5946c58f-ddf9-4db0-9baa-acb11c6fce91', '9d8ca564-c5c3-4f53-8607-cbf25327b589', 'HARVESTING: Record location description for immediate subsequent recipient (not transporter)', 'HIGH');
INSERT INTO obligations (id, tenant_id, regulation_id, obligation_text, risk_category) VALUES ('4afcc6a3-ceb0-4442-a9e4-354732b2415b', '5946c58f-ddf9-4db0-9baa-acb11c6fce91', 'e4f48ff4-21ae-4783-a272-c8ce0c569518', 'In outbreak/recall situations, provide traceability information within 24 hours via in-person or remote FDA request', 'CRITICAL');
INSERT INTO obligations (id, tenant_id, regulation_id, obligation_text, risk_category) VALUES ('4b12ad07-7f0d-4c07-97c4-c41bd7a72873', '5946c58f-ddf9-4db0-9baa-acb11c6fce91', '580cfe3c-6f53-49ce-9376-aed1bbfaed4a', 'INITIAL PACKING: Record product description for packed food', 'HIGH');
INSERT INTO obligations (id, tenant_id, regulation_id, obligation_text, risk_category) VALUES ('4d22a66b-0408-44f4-9ce3-a1706bb25d91', '5946c58f-ddf9-4db0-9baa-acb11c6fce91', 'c72ec3fe-3c0a-4f93-971a-c78052e20b41', 'SHIPPING: Record location description for immediate subsequent recipient (not transporter)', 'HIGH');
INSERT INTO obligations (id, tenant_id, regulation_id, obligation_text, risk_category) VALUES ('4e3bb9ba-3883-4131-beb7-f098684718f8', '5946c58f-ddf9-4db0-9baa-acb11c6fce91', '60c7b3ec-005d-4610-97f1-3bb3ea9ccb95', 'TRANSFORMATION INPUT: Record product description for each input food', 'HIGH');
INSERT INTO obligations (id, tenant_id, regulation_id, obligation_text, risk_category) VALUES ('4e83472f-8c3e-4cd5-bfc6-3801ffa77be2', '5946c58f-ddf9-4db0-9baa-acb11c6fce91', '580cfe3c-6f53-49ce-9376-aed1bbfaed4a', 'INITIAL PACKING: Record harvest date', 'HIGH');
INSERT INTO obligations (id, tenant_id, regulation_id, obligation_text, risk_category) VALUES ('4f04c777-6c50-4b78-868c-7b2f73225418', '5946c58f-ddf9-4db0-9baa-acb11c6fce91', '580cfe3c-6f53-49ce-9376-aed1bbfaed4a', 'SPROUTS: Record additional seed sourcing KDEs including seed grower, conditioner, packinghouse, supplier details, and seed description', 'HIGH');
INSERT INTO obligations (id, tenant_id, regulation_id, obligation_text, risk_category) VALUES ('5253c493-e752-4cc6-90ce-4fe64a966637', '5946c58f-ddf9-4db0-9baa-acb11c6fce91', 'e4f48ff4-21ae-4783-a272-c8ce0c569518', 'Make all records available to FDA within 24 hours of request, including coding systems and glossaries', 'CRITICAL');
INSERT INTO obligations (id, tenant_id, regulation_id, obligation_text, risk_category) VALUES ('56608eeb-6a06-47cc-8f05-b486c216a429', '5946c58f-ddf9-4db0-9baa-acb11c6fce91', '9c823d59-2fcd-49be-805e-e06cc8f858dc', 'RECEIVING: Record traceability lot code for the food', 'HIGH');
INSERT INTO obligations (id, tenant_id, regulation_id, obligation_text, risk_category) VALUES ('5b49ae2e-f453-428d-9b32-5cb86179b172', '5946c58f-ddf9-4db0-9baa-acb11c6fce91', '34a3523d-abbe-4e5a-8839-9faf4d40814a', 'Traceability plan must describe traceability lot code assignment methods per §1.1320', 'HIGH');
INSERT INTO obligations (id, tenant_id, regulation_id, obligation_text, risk_category) VALUES ('5be4739d-cff3-4734-9339-a4f75091285c', '5946c58f-ddf9-4db0-9baa-acb11c6fce91', '312831bf-7f99-4b2c-a401-4b8f008d60b3', 'Assign a new TLC when transforming food', 'HIGH');
INSERT INTO obligations (id, tenant_id, regulation_id, obligation_text, risk_category) VALUES ('5c7b3d3a-6652-4013-953c-6368e55a18ba', '5946c58f-ddf9-4db0-9baa-acb11c6fce91', '312831bf-7f99-4b2c-a401-4b8f008d60b3', 'Do NOT assign a new TLC for shipping or other activities on food already on the FTL', 'MEDIUM');
INSERT INTO obligations (id, tenant_id, regulation_id, obligation_text, risk_category) VALUES ('5ec14dea-1537-40cf-b7a0-df483d834788', '5946c58f-ddf9-4db0-9baa-acb11c6fce91', '580cfe3c-6f53-49ce-9376-aed1bbfaed4a', 'INITIAL PACKING: Record field/growing area or container name', 'HIGH');
INSERT INTO obligations (id, tenant_id, regulation_id, obligation_text, risk_category) VALUES ('66d03484-ce44-42d3-bba4-55cc1e57e208', '5946c58f-ddf9-4db0-9baa-acb11c6fce91', '60c7b3ec-005d-4610-97f1-3bb3ea9ccb95', 'TRANSFORMATION OUTPUT: Record location description for transformation location', 'HIGH');
INSERT INTO obligations (id, tenant_id, regulation_id, obligation_text, risk_category) VALUES ('70f9ffbc-7c23-47d1-8fb2-62442b41cc9c', '5946c58f-ddf9-4db0-9baa-acb11c6fce91', 'c72ec3fe-3c0a-4f93-971a-c78052e20b41', 'SHIPPING: Record location description for shipping origin', 'HIGH');
INSERT INTO obligations (id, tenant_id, regulation_id, obligation_text, risk_category) VALUES ('73e02738-b3ca-486f-9104-a3a31d224fcb', '5946c58f-ddf9-4db0-9baa-acb11c6fce91', 'c72ec3fe-3c0a-4f93-971a-c78052e20b41', 'SHIPPING: Record reference document type and number', 'HIGH');
INSERT INTO obligations (id, tenant_id, regulation_id, obligation_text, risk_category) VALUES ('76da5bfe-7c67-4a0d-954f-ea9364423d2a', '5946c58f-ddf9-4db0-9baa-acb11c6fce91', '60c7b3ec-005d-4610-97f1-3bb3ea9ccb95', 'TRANSFORMATION OUTPUT: Assign and record new traceability lot code', 'HIGH');
INSERT INTO obligations (id, tenant_id, regulation_id, obligation_text, risk_category) VALUES ('77ba78e6-9087-47f8-9c38-a814199f80cd', '5946c58f-ddf9-4db0-9baa-acb11c6fce91', '9d8ca564-c5c3-4f53-8607-cbf25327b589', 'HARVESTING: Record quantity and unit of measure', 'HIGH');
INSERT INTO obligations (id, tenant_id, regulation_id, obligation_text, risk_category) VALUES ('7bc294ce-0b25-4e44-b10c-208fbea6dbf6', '5946c58f-ddf9-4db0-9baa-acb11c6fce91', 'c72ec3fe-3c0a-4f93-971a-c78052e20b41', 'SHIPPING: Provide KDEs (1)-(7) to immediate subsequent recipient in electronic, paper, or written form', 'HIGH');
INSERT INTO obligations (id, tenant_id, regulation_id, obligation_text, risk_category) VALUES ('7dcdda1d-efc2-47b9-8ef5-39fd463bb82d', '5946c58f-ddf9-4db0-9baa-acb11c6fce91', '60c7b3ec-005d-4610-97f1-3bb3ea9ccb95', 'TRANSFORMATION OUTPUT: Record date transformation was completed', 'HIGH');
INSERT INTO obligations (id, tenant_id, regulation_id, obligation_text, risk_category) VALUES ('87a67907-2567-446b-88a5-5cf1d8cf8ae2', '5946c58f-ddf9-4db0-9baa-acb11c6fce91', '34a3523d-abbe-4e5a-8839-9faf4d40814a', 'Farms growing/raising FTL food must include a map showing location, name, and geographic coordinates of each field/growing area or aquaculture container', 'HIGH');
INSERT INTO obligations (id, tenant_id, regulation_id, obligation_text, risk_category) VALUES ('8a136356-8a84-4cc4-b0c3-37c508346fa9', '5946c58f-ddf9-4db0-9baa-acb11c6fce91', '9d8ca564-c5c3-4f53-8607-cbf25327b589', 'HARVESTING: Record field/growing area name (produce) or container name (aquacultured food)', 'HIGH');
INSERT INTO obligations (id, tenant_id, regulation_id, obligation_text, risk_category) VALUES ('8d0ba590-27c4-40d8-86f5-4fbc64eb301b', '5946c58f-ddf9-4db0-9baa-acb11c6fce91', '9d8ca564-c5c3-4f53-8607-cbf25327b589', 'COOLING: Record date of cooling', 'HIGH');
INSERT INTO obligations (id, tenant_id, regulation_id, obligation_text, risk_category) VALUES ('8fda0731-c349-4a46-b9d4-1afe4f05b554', '5946c58f-ddf9-4db0-9baa-acb11c6fce91', '9d8ca564-c5c3-4f53-8607-cbf25327b589', 'COOLING: Record quantity and unit of measure', 'HIGH');
INSERT INTO obligations (id, tenant_id, regulation_id, obligation_text, risk_category) VALUES ('90306564-4fe3-48ac-b35b-a8830d2bb9f4', '5946c58f-ddf9-4db0-9baa-acb11c6fce91', '60c7b3ec-005d-4610-97f1-3bb3ea9ccb95', 'TRANSFORMATION OUTPUT: Record quantity and unit of measure of the new food', 'HIGH');
INSERT INTO obligations (id, tenant_id, regulation_id, obligation_text, risk_category) VALUES ('970a68bd-1275-47fd-b160-791216d5a5c5', '5946c58f-ddf9-4db0-9baa-acb11c6fce91', '7d1e9b20-1fce-48d2-84d8-d79a10980126', 'Non-compliance constitutes a prohibited act under FD&C Act §301(e); food articles may be refused admission into the United States', 'CRITICAL');
INSERT INTO obligations (id, tenant_id, regulation_id, obligation_text, risk_category) VALUES ('9748e8fb-caa3-4cc7-a536-5c54db59135f', '5946c58f-ddf9-4db0-9baa-acb11c6fce91', '580cfe3c-6f53-49ce-9376-aed1bbfaed4a', 'INITIAL PACKING: Record quantity and unit of measure of packed food', 'HIGH');
INSERT INTO obligations (id, tenant_id, regulation_id, obligation_text, risk_category) VALUES ('97baea52-228f-4ca3-9468-c8e11adb2d68', '5946c58f-ddf9-4db0-9baa-acb11c6fce91', '9d8ca564-c5c3-4f53-8607-cbf25327b589', 'HARVESTING: Provide all KDEs (except reference docs) to initial packer or cooler', 'HIGH');
INSERT INTO obligations (id, tenant_id, regulation_id, obligation_text, risk_category) VALUES ('9a69e6c7-7d75-487e-bb02-cdcaaf38dd6c', '5946c58f-ddf9-4db0-9baa-acb11c6fce91', 'a78f745f-ff25-4e28-9510-054e7d85883c', 'FIRST LAND-BASED RECEIVER: Record harvest date range and catch locations (NMFS, FAO, or equivalent code)', 'HIGH');
INSERT INTO obligations (id, tenant_id, regulation_id, obligation_text, risk_category) VALUES ('9f9b8ecc-9706-413b-951d-b886d80601f6', '5946c58f-ddf9-4db0-9baa-acb11c6fce91', '9d8ca564-c5c3-4f53-8607-cbf25327b589', 'COOLING: Record farm location description where food was harvested', 'HIGH');
INSERT INTO obligations (id, tenant_id, regulation_id, obligation_text, risk_category) VALUES ('a5d3037e-6980-4853-8733-82310d65a4ee', '5946c58f-ddf9-4db0-9baa-acb11c6fce91', '9c823d59-2fcd-49be-805e-e06cc8f858dc', 'RECEIVING: Record quantity and unit of measure', 'HIGH');
INSERT INTO obligations (id, tenant_id, regulation_id, obligation_text, risk_category) VALUES ('a74ff66b-fc6a-47fd-b076-45c0090b4b41', '5946c58f-ddf9-4db0-9baa-acb11c6fce91', '9c823d59-2fcd-49be-805e-e06cc8f858dc', 'RECEIVING: Record product description', 'HIGH');
INSERT INTO obligations (id, tenant_id, regulation_id, obligation_text, risk_category) VALUES ('ad90fc9a-b942-47b5-bc93-e7f970e0f48a', '5946c58f-ddf9-4db0-9baa-acb11c6fce91', 'a78f745f-ff25-4e28-9510-054e7d85883c', 'FIRST LAND-BASED RECEIVER: Record species/market name (unpackaged) or product description (packaged)', 'HIGH');
INSERT INTO obligations (id, tenant_id, regulation_id, obligation_text, risk_category) VALUES ('ae079d71-3566-43c8-ad19-79484428e289', '5946c58f-ddf9-4db0-9baa-acb11c6fce91', '580cfe3c-6f53-49ce-9376-aed1bbfaed4a', 'INITIAL PACKING: Record date received', 'HIGH');
INSERT INTO obligations (id, tenant_id, regulation_id, obligation_text, risk_category) VALUES ('ae9c7336-d3ee-48cc-a1fe-a02dc7d8bc6b', '5946c58f-ddf9-4db0-9baa-acb11c6fce91', 'a78f745f-ff25-4e28-9510-054e7d85883c', 'FIRST LAND-BASED RECEIVER: Record quantity and unit of measure', 'HIGH');
INSERT INTO obligations (id, tenant_id, regulation_id, obligation_text, risk_category) VALUES ('af99f51b-9a8a-4658-9ea0-7be29f3b6c42', '5946c58f-ddf9-4db0-9baa-acb11c6fce91', 'c72ec3fe-3c0a-4f93-971a-c78052e20b41', 'SHIPPING: Record traceability lot code for the food', 'HIGH');
INSERT INTO obligations (id, tenant_id, regulation_id, obligation_text, risk_category) VALUES ('b12b4d06-52a9-4e82-a44c-b68192339434', '5946c58f-ddf9-4db0-9baa-acb11c6fce91', '34a3523d-abbe-4e5a-8839-9faf4d40814a', 'Traceability plan must identify a point of contact (name, job title, phone number) for traceability questions', 'MEDIUM');
INSERT INTO obligations (id, tenant_id, regulation_id, obligation_text, risk_category) VALUES ('b2fa6ac3-b2b8-4f7c-9593-db2c27292b31', '5946c58f-ddf9-4db0-9baa-acb11c6fce91', '9c823d59-2fcd-49be-805e-e06cc8f858dc', 'RECEIVING: Record TLC source location description or source reference', 'HIGH');
INSERT INTO obligations (id, tenant_id, regulation_id, obligation_text, risk_category) VALUES ('b5d51241-d48b-40f9-9091-c6e7c5fa0616', '5946c58f-ddf9-4db0-9baa-acb11c6fce91', '60c7b3ec-005d-4610-97f1-3bb3ea9ccb95', 'TRANSFORMATION OUTPUT: Record reference document type and number', 'HIGH');
INSERT INTO obligations (id, tenant_id, regulation_id, obligation_text, risk_category) VALUES ('b76047b4-eb54-4c58-b4f6-d7d653bdcc53', '5946c58f-ddf9-4db0-9baa-acb11c6fce91', 'e4f48ff4-21ae-4783-a272-c8ce0c569518', 'Maintain all records as original paper/electronic or true copies; legible; stored to prevent deterioration or loss', 'HIGH');
INSERT INTO obligations (id, tenant_id, regulation_id, obligation_text, risk_category) VALUES ('bb230f91-db8a-4175-b923-43596da9078d', '5946c58f-ddf9-4db0-9baa-acb11c6fce91', '580cfe3c-6f53-49ce-9376-aed1bbfaed4a', 'INITIAL PACKING: Record commodity and variety of food received', 'HIGH');
INSERT INTO obligations (id, tenant_id, regulation_id, obligation_text, risk_category) VALUES ('bc3a5dcf-a465-4855-8ce2-691aa7cd7bfb', '5946c58f-ddf9-4db0-9baa-acb11c6fce91', 'c72ec3fe-3c0a-4f93-971a-c78052e20b41', 'SHIPPING: Record product description', 'HIGH');
INSERT INTO obligations (id, tenant_id, regulation_id, obligation_text, risk_category) VALUES ('c38e2cd0-b138-4fab-b6bf-59ba6d1f6a05', '5946c58f-ddf9-4db0-9baa-acb11c6fce91', '9c823d59-2fcd-49be-805e-e06cc8f858dc', 'RECEIVING: Record reference document type and number', 'HIGH');
INSERT INTO obligations (id, tenant_id, regulation_id, obligation_text, risk_category) VALUES ('c50d9cfd-6434-47fe-a805-ab01ac81d432', '5946c58f-ddf9-4db0-9baa-acb11c6fce91', '34a3523d-abbe-4e5a-8839-9faf4d40814a', 'Establish and maintain a written traceability plan describing procedures for maintaining required records, including format and storage location', 'HIGH');
INSERT INTO obligations (id, tenant_id, regulation_id, obligation_text, risk_category) VALUES ('c5db05ff-cddf-45fb-b5b1-d18c2bce9765', '5946c58f-ddf9-4db0-9baa-acb11c6fce91', '580cfe3c-6f53-49ce-9376-aed1bbfaed4a', 'INITIAL PACKING: Assign and record traceability lot code', 'HIGH');
INSERT INTO obligations (id, tenant_id, regulation_id, obligation_text, risk_category) VALUES ('cc7c0c04-a8db-4cae-8b01-93675c0697e5', '5946c58f-ddf9-4db0-9baa-acb11c6fce91', '580cfe3c-6f53-49ce-9376-aed1bbfaed4a', 'INITIAL PACKING: Record reference document type and number', 'HIGH');
INSERT INTO obligations (id, tenant_id, regulation_id, obligation_text, risk_category) VALUES ('d50b892c-d296-4859-8326-5f20eabd5f9d', '5946c58f-ddf9-4db0-9baa-acb11c6fce91', 'a78f745f-ff25-4e28-9510-054e7d85883c', 'FIRST LAND-BASED RECEIVER: Record receiving location description and TLC source reference', 'HIGH');
INSERT INTO obligations (id, tenant_id, regulation_id, obligation_text, risk_category) VALUES ('d66ab297-4395-427a-91a5-e65589290a94', '5946c58f-ddf9-4db0-9baa-acb11c6fce91', '60c7b3ec-005d-4610-97f1-3bb3ea9ccb95', 'TRANSFORMATION OUTPUT: Record product description for the new food', 'HIGH');
INSERT INTO obligations (id, tenant_id, regulation_id, obligation_text, risk_category) VALUES ('d8e11324-7013-4d7d-960c-71678ea5ed5e', '5946c58f-ddf9-4db0-9baa-acb11c6fce91', '60c7b3ec-005d-4610-97f1-3bb3ea9ccb95', 'TRANSFORMATION INPUT: Record quantity and unit of measure used from each input lot', 'HIGH');
INSERT INTO obligations (id, tenant_id, regulation_id, obligation_text, risk_category) VALUES ('d936514a-aa43-4a53-a23d-629aed8fe9da', '5946c58f-ddf9-4db0-9baa-acb11c6fce91', '9d8ca564-c5c3-4f53-8607-cbf25327b589', 'COOLING: Record reference document type and number', 'HIGH');
INSERT INTO obligations (id, tenant_id, regulation_id, obligation_text, risk_category) VALUES ('e4ec50c0-3ffa-4f5a-ac19-0a91147578b1', '5946c58f-ddf9-4db0-9baa-acb11c6fce91', 'c72ec3fe-3c0a-4f93-971a-c78052e20b41', 'SHIPPING: Record TLC source location description or source reference', 'HIGH');
INSERT INTO obligations (id, tenant_id, regulation_id, obligation_text, risk_category) VALUES ('e645af15-5c2c-44dd-87d3-41b8def1a53a', '5946c58f-ddf9-4db0-9baa-acb11c6fce91', '9d8ca564-c5c3-4f53-8607-cbf25327b589', 'HARVESTING: Record reference document type and number', 'HIGH');
INSERT INTO obligations (id, tenant_id, regulation_id, obligation_text, risk_category) VALUES ('e709c8e6-2e1c-4c9e-bbe2-ab12635268be', '5946c58f-ddf9-4db0-9baa-acb11c6fce91', '9c823d59-2fcd-49be-805e-e06cc8f858dc', 'RECEIVING: Record location description for where food was received', 'HIGH');
INSERT INTO obligations (id, tenant_id, regulation_id, obligation_text, risk_category) VALUES ('e79eaee6-1bdc-4665-b6e3-7deaff7a1dc6', '5946c58f-ddf9-4db0-9baa-acb11c6fce91', '60c7b3ec-005d-4610-97f1-3bb3ea9ccb95', 'TRANSFORMATION INPUT: Record traceability lot code for each input food on the FTL', 'HIGH');
INSERT INTO obligations (id, tenant_id, regulation_id, obligation_text, risk_category) VALUES ('f058218e-f31f-4265-a02a-874f391f4222', '5946c58f-ddf9-4db0-9baa-acb11c6fce91', '9d8ca564-c5c3-4f53-8607-cbf25327b589', 'COOLING: Record commodity and variety', 'HIGH');
INSERT INTO obligations (id, tenant_id, regulation_id, obligation_text, risk_category) VALUES ('f078adb6-2aeb-4bc7-8175-d522ded144ba', '5946c58f-ddf9-4db0-9baa-acb11c6fce91', '312831bf-7f99-4b2c-a401-4b8f008d60b3', 'Assign a TLC when receiving food as first land-based receiver from a fishing vessel', 'HIGH');
INSERT INTO obligations (id, tenant_id, regulation_id, obligation_text, risk_category) VALUES ('f1496735-1280-47a8-8357-a580617dce6c', '5946c58f-ddf9-4db0-9baa-acb11c6fce91', '9c823d59-2fcd-49be-805e-e06cc8f858dc', 'RECEIVING: When receiving from non-covered sources, assign a TLC if one has not been assigned (except retail/restaurants)', 'MEDIUM');
INSERT INTO obligations (id, tenant_id, regulation_id, obligation_text, risk_category) VALUES ('f2064974-1ad5-48f1-809b-6218a8e4cd9c', '5946c58f-ddf9-4db0-9baa-acb11c6fce91', '580cfe3c-6f53-49ce-9376-aed1bbfaed4a', 'INITIAL PACKING: Record date of initial packing', 'HIGH');
INSERT INTO obligations (id, tenant_id, regulation_id, obligation_text, risk_category) VALUES ('f548aa1d-2126-4f79-b0a1-fa11c73f9a5f', '5946c58f-ddf9-4db0-9baa-acb11c6fce91', '34a3523d-abbe-4e5a-8839-9faf4d40814a', 'Update traceability plan to reflect current practices; retain previous versions for 2 years', 'MEDIUM');
INSERT INTO obligations (id, tenant_id, regulation_id, obligation_text, risk_category) VALUES ('f5c37b8f-ab45-4848-8c9f-945a2f86a69d', '5946c58f-ddf9-4db0-9baa-acb11c6fce91', '9c823d59-2fcd-49be-805e-e06cc8f858dc', 'RECEIVING: Record date received', 'HIGH');
INSERT INTO obligations (id, tenant_id, regulation_id, obligation_text, risk_category) VALUES ('f81feaba-eed5-4b7f-bc73-eb5c1f3e2e00', '5946c58f-ddf9-4db0-9baa-acb11c6fce91', '580cfe3c-6f53-49ce-9376-aed1bbfaed4a', 'INITIAL PACKING: Record harvester business name and phone number', 'HIGH');
INSERT INTO obligations (id, tenant_id, regulation_id, obligation_text, risk_category) VALUES ('f8b359c6-515f-47eb-9cbf-47ba836f441a', '5946c58f-ddf9-4db0-9baa-acb11c6fce91', 'e4f48ff4-21ae-4783-a272-c8ce0c569518', 'Provide English translations of non-English records within a reasonable time upon request', 'MEDIUM');
INSERT INTO obligations (id, tenant_id, regulation_id, obligation_text, risk_category) VALUES ('f940ebb9-8f25-4512-8da6-b6ffe52f89c9', '5946c58f-ddf9-4db0-9baa-acb11c6fce91', '9d8ca564-c5c3-4f53-8607-cbf25327b589', 'HARVESTING: Record date of harvesting', 'HIGH');

-- ============================================================
-- CONTROLS (25 verification activities)
-- ============================================================
INSERT INTO controls (id, tenant_id, obligation_id, control_name, control_type, frequency, threshold_value) VALUES ('1cdbffa2-0e0f-4949-93d8-8617e404c82a', '5946c58f-ddf9-4db0-9baa-acb11c6fce91', '08db27af-293c-429d-8f82-bea0de63dd85', 'First land-based receiver KDE completeness check', 'detective', 'per_event', '7 required KDEs');
INSERT INTO controls (id, tenant_id, obligation_id, control_name, control_type, frequency, threshold_value) VALUES ('25e00068-ee48-439c-b1dc-9ddcb9dfdeb6', '5946c58f-ddf9-4db0-9baa-acb11c6fce91', '20d13a02-d4b0-479b-a65b-52f57b586941', 'Cooling KDE downstream transmission verification', 'detective', 'per_event', NULL);
INSERT INTO controls (id, tenant_id, obligation_id, control_name, control_type, frequency, threshold_value) VALUES ('2cc7198e-47c9-4294-9d76-88ddfa559e5f', '5946c58f-ddf9-4db0-9baa-acb11c6fce91', 'e79eaee6-1bdc-4665-b6e3-7deaff7a1dc6', 'Transformation input KDE completeness check', 'detective', 'per_event', '3 KDEs per input lot');
INSERT INTO controls (id, tenant_id, obligation_id, control_name, control_type, frequency, threshold_value) VALUES ('2f33c339-9a6f-4e70-a445-03eed0e98408', '5946c58f-ddf9-4db0-9baa-acb11c6fce91', '87a67907-2567-446b-88a5-5cf1d8cf8ae2', 'Farm map accuracy verification with GPS coordinates', 'detective', 'annual', NULL);
INSERT INTO controls (id, tenant_id, obligation_id, control_name, control_type, frequency, threshold_value) VALUES ('3b1155b9-fdcd-4094-acd7-b70660de38e7', '5946c58f-ddf9-4db0-9baa-acb11c6fce91', '166e6ddb-fb71-496e-9868-5e0975dcdaea', 'FTL food identification audit', 'detective', 'quarterly', NULL);
INSERT INTO controls (id, tenant_id, obligation_id, control_name, control_type, frequency, threshold_value) VALUES ('4024a1cb-9df6-424a-9791-c984315ec65b', '5946c58f-ddf9-4db0-9baa-acb11c6fce91', '26251ef1-0884-4f2b-b494-408ce7d91320', 'Record retention compliance audit', 'detective', 'annual', '2 year minimum');
INSERT INTO controls (id, tenant_id, obligation_id, control_name, control_type, frequency, threshold_value) VALUES ('42644b87-2634-4a70-b34c-3fe8a0f0e75d', '5946c58f-ddf9-4db0-9baa-acb11c6fce91', '5be4739d-cff3-4734-9339-a4f75091285c', 'TLC assignment validation at transformation', 'preventive', 'per_event', 'Unique alphanumeric code');
INSERT INTO controls (id, tenant_id, obligation_id, control_name, control_type, frequency, threshold_value) VALUES ('45956304-1ccc-4a12-8c4a-6ddede524fec', '5946c58f-ddf9-4db0-9baa-acb11c6fce91', 'af99f51b-9a8a-4658-9ea0-7be29f3b6c42', 'Shipping KDE completeness check', 'detective', 'per_event', '8 required KDEs');
INSERT INTO controls (id, tenant_id, obligation_id, control_name, control_type, frequency, threshold_value) VALUES ('52cb6736-5973-4ccf-869d-e108c460196b', '5946c58f-ddf9-4db0-9baa-acb11c6fce91', '5c7b3d3a-6652-4013-953c-6368e55a18ba', 'TLC continuity check — no new TLC on shipping', 'detective', 'per_event', NULL);
INSERT INTO controls (id, tenant_id, obligation_id, control_name, control_type, frequency, threshold_value) VALUES ('5ca876c9-1393-4580-a253-e0145f9aa588', '5946c58f-ddf9-4db0-9baa-acb11c6fce91', '4f04c777-6c50-4b78-868c-7b2f73225418', 'Sprouts seed sourcing KDE completeness check', 'detective', 'per_event', 'Additional seed KDEs');
INSERT INTO controls (id, tenant_id, obligation_id, control_name, control_type, frequency, threshold_value) VALUES ('633c89a0-65da-41dd-bdd3-c2eb72f419cc', '5946c58f-ddf9-4db0-9baa-acb11c6fce91', '4a14af8d-f28e-404a-b530-23334787f91f', 'Harvesting KDE completeness check', 'detective', 'per_event', '7 required KDEs');
INSERT INTO controls (id, tenant_id, obligation_id, control_name, control_type, frequency, threshold_value) VALUES ('68cadeb1-d338-407f-9feb-7b3c990bd2a3', '5946c58f-ddf9-4db0-9baa-acb11c6fce91', '0f76a512-d425-499f-8d40-d6e4c0ca4ccd', 'Cooling KDE completeness check', 'detective', 'per_event', '7 required KDEs');
INSERT INTO controls (id, tenant_id, obligation_id, control_name, control_type, frequency, threshold_value) VALUES ('8fb13e77-2125-46ad-b39f-f8b3d4cc7eb2', '5946c58f-ddf9-4db0-9baa-acb11c6fce91', '4afcc6a3-ceb0-4442-a9e4-354732b2415b', 'Recall response simulation with traceability data', 'preventive', 'annual', '24 hours');
INSERT INTO controls (id, tenant_id, obligation_id, control_name, control_type, frequency, threshold_value) VALUES ('a435a9d6-6cab-4194-9482-4d643fbdf9b9', '5946c58f-ddf9-4db0-9baa-acb11c6fce91', '76da5bfe-7c67-4a0d-954f-ea9364423d2a', 'Transformation output KDE completeness check', 'detective', 'per_event', '6 required KDEs');
INSERT INTO controls (id, tenant_id, obligation_id, control_name, control_type, frequency, threshold_value) VALUES ('a669b49a-cfbe-4026-a105-2fb3f00242a2', '5946c58f-ddf9-4db0-9baa-acb11c6fce91', 'c50d9cfd-6434-47fe-a805-ab01ac81d432', 'Annual traceability plan review and update', 'preventive', 'annual', NULL);
INSERT INTO controls (id, tenant_id, obligation_id, control_name, control_type, frequency, threshold_value) VALUES ('abec6ee3-7697-42e2-864d-e5ee8fb32244', '5946c58f-ddf9-4db0-9baa-acb11c6fce91', '97baea52-228f-4ca3-9468-c8e11adb2d68', 'Harvesting KDE downstream transmission verification', 'detective', 'per_event', NULL);
INSERT INTO controls (id, tenant_id, obligation_id, control_name, control_type, frequency, threshold_value) VALUES ('b1afe564-de26-48d2-9d9b-af2e51b2f2cf', '5946c58f-ddf9-4db0-9baa-acb11c6fce91', '5253c493-e752-4cc6-90ce-4fe64a966637', 'FDA 24-hour response readiness drill', 'preventive', 'semi-annual', '24 hours');
INSERT INTO controls (id, tenant_id, obligation_id, control_name, control_type, frequency, threshold_value) VALUES ('b25cc3f4-555d-4f31-98d0-c2f8b03488c3', '5946c58f-ddf9-4db0-9baa-acb11c6fce91', 'f548aa1d-2126-4f79-b0a1-fa11c73f9a5f', 'Traceability plan version control review', 'preventive', 'upon_change', '2 year retention');
INSERT INTO controls (id, tenant_id, obligation_id, control_name, control_type, frequency, threshold_value) VALUES ('cac375ef-766a-40c0-b171-d2d35981ace9', '5946c58f-ddf9-4db0-9baa-acb11c6fce91', 'b76047b4-eb54-4c58-b4f6-d7d653bdcc53', 'Record integrity and legibility audit', 'detective', 'quarterly', NULL);
INSERT INTO controls (id, tenant_id, obligation_id, control_name, control_type, frequency, threshold_value) VALUES ('cafc91d4-30b1-4555-8947-3dfb0c889baa', '5946c58f-ddf9-4db0-9baa-acb11c6fce91', '7bc294ce-0b25-4e44-b10c-208fbea6dbf6', 'Shipping KDE downstream transmission verification', 'detective', 'per_event', 'Items (1)-(7)');
INSERT INTO controls (id, tenant_id, obligation_id, control_name, control_type, frequency, threshold_value) VALUES ('cc686242-f151-4402-ad76-024586fe3f38', '5946c58f-ddf9-4db0-9baa-acb11c6fce91', 'b12b4d06-52a9-4e82-a44c-b68192339434', 'Point of contact verification', 'preventive', 'annual', NULL);
INSERT INTO controls (id, tenant_id, obligation_id, control_name, control_type, frequency, threshold_value) VALUES ('d3df654c-1012-4fd3-a7fa-8ceee94e3833', '5946c58f-ddf9-4db0-9baa-acb11c6fce91', 'bb230f91-db8a-4175-b923-43596da9078d', 'Initial packing KDE completeness check', 'detective', 'per_event', '15 required KDEs');
INSERT INTO controls (id, tenant_id, obligation_id, control_name, control_type, frequency, threshold_value) VALUES ('d6f7af5c-90c4-4064-bdce-0f66e81fbcd9', '5946c58f-ddf9-4db0-9baa-acb11c6fce91', '316e0811-1f7f-44f1-aa2d-dbfb0cc456ec', 'TLC assignment validation at initial packing', 'preventive', 'per_event', 'Unique alphanumeric code');
INSERT INTO controls (id, tenant_id, obligation_id, control_name, control_type, frequency, threshold_value) VALUES ('f6af63d8-9745-4222-b1de-61d5deb06b2c', '5946c58f-ddf9-4db0-9baa-acb11c6fce91', '56608eeb-6a06-47cc-8f05-b486c216a429', 'Receiving KDE completeness check', 'detective', 'per_event', '8 required KDEs');
INSERT INTO controls (id, tenant_id, obligation_id, control_name, control_type, frequency, threshold_value) VALUES ('ffa317c3-28a1-464d-9729-95947128caf8', '5946c58f-ddf9-4db0-9baa-acb11c6fce91', '47878e12-435a-4acc-b085-f605056d3c42', 'Electronic sortable spreadsheet export test', 'detective', 'quarterly', NULL);

-- ============================================================
-- FOOD TRACEABILITY LIST (23 categories)
-- ============================================================
INSERT INTO food_traceability_list (id, category, food_name, description, outbreak_risk, applicable_ctes, required_kdes, cfr_sections, examples, exclusions, effective_date) VALUES ('02f45f23-d6b9-4aa0-b80f-c7c02a4d90ad', 'Dairy', 'Cheese (unpasteurized milk, non-hard)', 'All non-hard cheese varieties made from unpasteurized milk', 'HIGH', ARRAY['initial_packing','shipping','receiving','transformation'], '{"shipping": ["tlc", "quantity", "uom", "product_description", "recipient_location", "ship_from_location", "ship_date", "tlc_source", "reference_doc"], "receiving": ["tlc", "quantity", "uom", "product_description", "source_location", "receive_location", "receive_date", "tlc_source", "reference_doc"]}'::jsonb, ARRAY['§1.1330','§1.1340','§1.1345','§1.1350'], ARRAY['raw milk brie','raw milk camembert','raw milk blue cheese'], ARRAY['hard cheeses aged 60+ days'], '2026-01-20');
INSERT INTO food_traceability_list (id, category, food_name, description, outbreak_risk, applicable_ctes, required_kdes, cfr_sections, examples, exclusions, effective_date) VALUES ('bba54bb7-b26f-4c5a-9c66-98ef5daa3ec2', 'Dairy', 'Fresh Soft Cheese (pasteurized milk)', 'Soft unripened or fresh soft cheese made from pasteurized milk', 'HIGH', ARRAY['initial_packing','shipping','receiving','transformation'], '{"shipping": ["tlc", "quantity", "uom", "product_description", "recipient_location", "ship_from_location", "ship_date", "tlc_source", "reference_doc"], "receiving": ["tlc", "quantity", "uom", "product_description", "source_location", "receive_location", "receive_date", "tlc_source", "reference_doc"], "transformation": ["input_tlc", "input_product", "input_quantity", "new_tlc", "transform_location", "transform_date", "output_product", "output_quantity", "reference_doc"]}'::jsonb, ARRAY['§1.1330','§1.1340','§1.1345','§1.1350'], ARRAY['cottage cheese','chevre','cream cheese','mascarpone','ricotta','queso blanco','queso fresco'], ARRAY['hard cheeses'], '2026-01-20');
INSERT INTO food_traceability_list (id, category, food_name, description, outbreak_risk, applicable_ctes, required_kdes, cfr_sections, examples, exclusions, effective_date) VALUES ('b4083065-93df-4e9d-8a8c-5c2b5c2ad0a5', 'Dairy', 'Soft Ripened/Semi-Soft Cheese (pasteurized milk)', 'Soft ripened or semi-soft cheese made from pasteurized milk', 'HIGH', ARRAY['initial_packing','shipping','receiving','transformation'], '{"shipping": ["tlc", "quantity", "uom", "product_description", "recipient_location", "ship_from_location", "ship_date", "tlc_source", "reference_doc"], "receiving": ["tlc", "quantity", "uom", "product_description", "source_location", "receive_location", "receive_date", "tlc_source", "reference_doc"], "transformation": ["input_tlc", "input_product", "input_quantity", "new_tlc", "transform_location", "transform_date", "output_product", "output_quantity", "reference_doc"]}'::jsonb, ARRAY['§1.1330','§1.1340','§1.1345','§1.1350'], ARRAY['brie','camembert','feta','mozzarella','taleggio','blue cheese','brick','fontina','monterey jack','muenster'], ARRAY['hard cheeses'], '2026-01-20');
INSERT INTO food_traceability_list (id, category, food_name, description, outbreak_risk, applicable_ctes, required_kdes, cfr_sections, examples, exclusions, effective_date) VALUES ('2d5af793-1f10-4bf5-b641-da5971b095e9', 'Eggs', 'Shell Eggs', 'Shell eggs from laying hens', 'HIGH', ARRAY['initial_packing','shipping','receiving','transformation'], '{"shipping": ["tlc", "quantity", "uom", "product_description", "recipient_location", "ship_from_location", "ship_date", "tlc_source", "reference_doc"], "receiving": ["tlc", "quantity", "uom", "product_description", "source_location", "receive_location", "receive_date", "tlc_source", "reference_doc"]}'::jsonb, ARRAY['§1.1330','§1.1340','§1.1345','§1.1350'], ARRAY['chicken eggs','duck eggs','quail eggs'], ARRAY['producers with <3,000 laying hens','eggs receiving required treatment (§1.1305(d))'], '2026-01-20');
INSERT INTO food_traceability_list (id, category, food_name, description, outbreak_risk, applicable_ctes, required_kdes, cfr_sections, examples, exclusions, effective_date) VALUES ('7e4b7be9-7104-45a7-9d49-92bb98405e12', 'Leafy Greens', 'Fresh-Cut Leafy Greens', 'Cut, shredded, or torn leafy greens', 'HIGH', ARRAY['harvesting','cooling','initial_packing','shipping','receiving','transformation'], '{"shipping": ["tlc", "quantity", "uom", "product_description", "recipient_location", "ship_from_location", "ship_date", "tlc_source", "reference_doc"], "receiving": ["tlc", "quantity", "uom", "product_description", "source_location", "receive_location", "receive_date", "tlc_source", "reference_doc"], "harvesting": ["recipient_location", "commodity", "quantity", "uom", "farm_location", "field_name", "harvest_date", "reference_doc"], "transformation": ["input_tlc", "input_product", "input_quantity", "new_tlc", "transform_location", "transform_date", "output_product", "output_quantity", "reference_doc"]}'::jsonb, ARRAY['§1.1325','§1.1330','§1.1340','§1.1345','§1.1350'], ARRAY['bagged salad','chopped romaine','salad kits','shredded lettuce'], NULL, '2026-01-20');
INSERT INTO food_traceability_list (id, category, food_name, description, outbreak_risk, applicable_ctes, required_kdes, cfr_sections, examples, exclusions, effective_date) VALUES ('b48e561b-1785-4c0b-ab37-7d092518ebfa', 'Leafy Greens', 'Fresh Leafy Greens (intact)', 'Whole, intact leafy greens including lettuce, spinach, kale, arugula', 'HIGH', ARRAY['harvesting','cooling','initial_packing','shipping','receiving','transformation'], '{"cooling": ["recipient_location", "commodity", "quantity", "uom", "cooling_location", "cooling_date", "farm_location", "reference_doc"], "shipping": ["tlc", "quantity", "uom", "product_description", "recipient_location", "ship_from_location", "ship_date", "tlc_source", "reference_doc"], "receiving": ["tlc", "quantity", "uom", "product_description", "source_location", "receive_location", "receive_date", "tlc_source", "reference_doc"], "harvesting": ["recipient_location", "commodity", "quantity", "uom", "farm_location", "field_name", "harvest_date", "reference_doc"], "transformation": ["input_tlc", "input_product", "input_quantity", "new_tlc", "transform_location", "transform_date", "output_product", "output_quantity", "reference_doc"], "initial_packing": ["commodity_received", "date_received", "quantity_received", "farm_location", "field_name", "harvester_name", "harvester_phone", "harvest_date", "cooling_location", "cooling_date", "tlc", "product_description", "quantity_packed", "packing_location", "pack_date", "reference_doc"]}'::jsonb, ARRAY['§1.1325','§1.1330','§1.1340','§1.1345','§1.1350'], ARRAY['romaine lettuce','iceberg lettuce','spinach','kale','arugula','chard','endive','escarole','spring mix'], ARRAY['whole head cabbage'], '2026-01-20');
INSERT INTO food_traceability_list (id, category, food_name, description, outbreak_risk, applicable_ctes, required_kdes, cfr_sections, examples, exclusions, effective_date) VALUES ('b1c28524-b87a-47e7-a401-2775e650d614', 'Nut Butters', 'Nut Butters', 'All tree nut and peanut butter products', 'HIGH', ARRAY['shipping','receiving','transformation'], '{"shipping": ["tlc", "quantity", "uom", "product_description", "recipient_location", "ship_from_location", "ship_date", "tlc_source", "reference_doc"], "receiving": ["tlc", "quantity", "uom", "product_description", "source_location", "receive_location", "receive_date", "tlc_source", "reference_doc"], "transformation": ["input_tlc", "input_product", "input_quantity", "new_tlc", "transform_location", "transform_date", "output_product", "output_quantity", "reference_doc"]}'::jsonb, ARRAY['§1.1340','§1.1345','§1.1350'], ARRAY['peanut butter','almond butter','cashew butter','hazelnut butter','walnut butter'], ARRAY['soy butter','seed butters (sunflower, tahini)'], '2026-01-20');
INSERT INTO food_traceability_list (id, category, food_name, description, outbreak_risk, applicable_ctes, required_kdes, cfr_sections, examples, exclusions, effective_date) VALUES ('a6db5542-84bb-4633-8cd7-db1765ea601a', 'Produce', 'Cucumbers', 'Fresh cucumbers', 'MODERATE', ARRAY['harvesting','cooling','initial_packing','shipping','receiving','transformation'], '{"shipping": ["tlc", "quantity", "uom", "product_description", "recipient_location", "ship_from_location", "ship_date", "tlc_source", "reference_doc"], "receiving": ["tlc", "quantity", "uom", "product_description", "source_location", "receive_location", "receive_date", "tlc_source", "reference_doc"]}'::jsonb, ARRAY['§1.1325','§1.1330','§1.1340','§1.1345','§1.1350'], ARRAY['English cucumber','Persian cucumber','pickling cucumber'], NULL, '2026-01-20');
INSERT INTO food_traceability_list (id, category, food_name, description, outbreak_risk, applicable_ctes, required_kdes, cfr_sections, examples, exclusions, effective_date) VALUES ('4460b2bb-5bf1-4a15-8640-d4141604792e', 'Produce', 'Fresh-Cut Fruits', 'Cut, peeled, or sectioned fresh fruits', 'HIGH', ARRAY['shipping','receiving','transformation'], '{"shipping": ["tlc", "quantity", "uom", "product_description", "recipient_location", "ship_from_location", "ship_date", "tlc_source", "reference_doc"], "receiving": ["tlc", "quantity", "uom", "product_description", "source_location", "receive_location", "receive_date", "tlc_source", "reference_doc"]}'::jsonb, ARRAY['§1.1340','§1.1345','§1.1350'], ARRAY['pre-cut melon','fruit salad','sliced mango'], NULL, '2026-01-20');
INSERT INTO food_traceability_list (id, category, food_name, description, outbreak_risk, applicable_ctes, required_kdes, cfr_sections, examples, exclusions, effective_date) VALUES ('791f6259-8e3b-45d3-8f4d-c82614a8986e', 'Produce', 'Fresh-Cut Vegetables', 'Cut, peeled, or processed fresh vegetables (excluding leafy greens)', 'HIGH', ARRAY['shipping','receiving','transformation'], '{"shipping": ["tlc", "quantity", "uom", "product_description", "recipient_location", "ship_from_location", "ship_date", "tlc_source", "reference_doc"]}'::jsonb, ARRAY['§1.1340','§1.1345','§1.1350'], ARRAY['baby carrots','diced onion','sliced mushrooms','broccoli florets'], ARRAY['fresh-cut leafy greens (separate category)'], '2026-01-20');
INSERT INTO food_traceability_list (id, category, food_name, description, outbreak_risk, applicable_ctes, required_kdes, cfr_sections, examples, exclusions, effective_date) VALUES ('ca7a4c33-817d-48bc-9baf-6ba7c28cda45', 'Produce', 'Herbs (fresh)', 'Fresh herbs: parsley, cilantro, basil', 'HIGH', ARRAY['harvesting','cooling','initial_packing','shipping','receiving','transformation'], '{"shipping": ["tlc", "quantity", "uom", "product_description", "recipient_location", "ship_from_location", "ship_date", "tlc_source", "reference_doc"], "receiving": ["tlc", "quantity", "uom", "product_description", "source_location", "receive_location", "receive_date", "tlc_source", "reference_doc"]}'::jsonb, ARRAY['§1.1325','§1.1330','§1.1340','§1.1345','§1.1350'], ARRAY['parsley','cilantro','basil'], ARRAY['dried herbs'], '2026-01-20');
INSERT INTO food_traceability_list (id, category, food_name, description, outbreak_risk, applicable_ctes, required_kdes, cfr_sections, examples, exclusions, effective_date) VALUES ('2d239bdf-afc7-4706-b441-9af2e67ae738', 'Produce', 'Melons', 'Fresh melons', 'HIGH', ARRAY['harvesting','cooling','initial_packing','shipping','receiving','transformation'], '{"shipping": ["tlc", "quantity", "uom", "product_description", "recipient_location", "ship_from_location", "ship_date", "tlc_source", "reference_doc"], "receiving": ["tlc", "quantity", "uom", "product_description", "source_location", "receive_location", "receive_date", "tlc_source", "reference_doc"]}'::jsonb, ARRAY['§1.1325','§1.1330','§1.1340','§1.1345','§1.1350'], ARRAY['cantaloupe','honeydew','watermelon'], NULL, '2026-01-20');
INSERT INTO food_traceability_list (id, category, food_name, description, outbreak_risk, applicable_ctes, required_kdes, cfr_sections, examples, exclusions, effective_date) VALUES ('ea5feaba-b27a-49ae-951c-3678a8c6ed90', 'Produce', 'Peppers', 'Fresh peppers', 'HIGH', ARRAY['harvesting','cooling','initial_packing','shipping','receiving','transformation'], '{"shipping": ["tlc", "quantity", "uom", "product_description", "recipient_location", "ship_from_location", "ship_date", "tlc_source", "reference_doc"], "receiving": ["tlc", "quantity", "uom", "product_description", "source_location", "receive_location", "receive_date", "tlc_source", "reference_doc"]}'::jsonb, ARRAY['§1.1325','§1.1330','§1.1340','§1.1345','§1.1350'], ARRAY['bell peppers','jalapeño','serrano','habanero'], NULL, '2026-01-20');
INSERT INTO food_traceability_list (id, category, food_name, description, outbreak_risk, applicable_ctes, required_kdes, cfr_sections, examples, exclusions, effective_date) VALUES ('718ba679-4c92-4efc-8ff7-0a8f20e03c1c', 'Produce', 'Sprouts', 'All varieties of sprouts', 'HIGH', ARRAY['harvesting','cooling','initial_packing','shipping','receiving','transformation'], '{"initial_packing": ["seed_grower_location", "seed_harvest_date", "seed_conditioner_location", "seed_packinghouse_location", "seed_supplier_location", "seed_lot_code", "seed_description", "seed_receipt_date", "tlc", "product_description", "quantity_packed", "packing_location", "pack_date", "reference_doc"]}'::jsonb, ARRAY['§1.1325','§1.1330','§1.1330(b)','§1.1340','§1.1345','§1.1350'], ARRAY['alfalfa','bean','broccoli','clover','mung bean','radish sprouts'], NULL, '2026-01-20');
INSERT INTO food_traceability_list (id, category, food_name, description, outbreak_risk, applicable_ctes, required_kdes, cfr_sections, examples, exclusions, effective_date) VALUES ('0daa6058-dcd2-43c0-85df-0bcc20c68825', 'Produce', 'Tomatoes', 'Fresh tomatoes', 'HIGH', ARRAY['harvesting','cooling','initial_packing','shipping','receiving','transformation'], '{"shipping": ["tlc", "quantity", "uom", "product_description", "recipient_location", "ship_from_location", "ship_date", "tlc_source", "reference_doc"], "receiving": ["tlc", "quantity", "uom", "product_description", "source_location", "receive_location", "receive_date", "tlc_source", "reference_doc"], "harvesting": ["recipient_location", "commodity", "quantity", "uom", "farm_location", "field_name", "harvest_date", "reference_doc"]}'::jsonb, ARRAY['§1.1325','§1.1330','§1.1340','§1.1345','§1.1350'], ARRAY['roma','cherry','grape','beefsteak','heirloom'], NULL, '2026-01-20');
INSERT INTO food_traceability_list (id, category, food_name, description, outbreak_risk, applicable_ctes, required_kdes, cfr_sections, examples, exclusions, effective_date) VALUES ('960a7701-20a4-4ac7-b393-f1634ab2477b', 'Produce', 'Tropical Tree Fruits', 'Fresh tropical tree fruits', 'MODERATE', ARRAY['harvesting','cooling','initial_packing','shipping','receiving','transformation'], '{"shipping": ["tlc", "quantity", "uom", "product_description", "recipient_location", "ship_from_location", "ship_date", "tlc_source", "reference_doc"]}'::jsonb, ARRAY['§1.1325','§1.1330','§1.1340','§1.1345','§1.1350'], ARRAY['mango','papaya','guava','mamey sapote'], ARRAY['bananas','citrus','coconut','pineapple'], '2026-01-20');
INSERT INTO food_traceability_list (id, category, food_name, description, outbreak_risk, applicable_ctes, required_kdes, cfr_sections, examples, exclusions, effective_date) VALUES ('b7ff0038-54b9-41cf-b418-f8c7639309d8', 'Ready-to-Eat', 'Ready-to-Eat Deli Salads', 'Refrigerated ready-to-eat deli salads', 'HIGH', ARRAY['shipping','receiving','transformation'], '{"shipping": ["tlc", "quantity", "uom", "product_description", "recipient_location", "ship_from_location", "ship_date", "tlc_source", "reference_doc"], "transformation": ["input_tlc", "input_product", "input_quantity", "new_tlc", "transform_location", "transform_date", "output_product", "output_quantity", "reference_doc"]}'::jsonb, ARRAY['§1.1340','§1.1345','§1.1350'], ARRAY['egg salad','potato salad','pasta salad','chicken salad','tuna salad','coleslaw','seafood salad'], ARRAY['shelf-stable deli salads'], '2026-01-20');
INSERT INTO food_traceability_list (id, category, food_name, description, outbreak_risk, applicable_ctes, required_kdes, cfr_sections, examples, exclusions, effective_date) VALUES ('c7a64c93-5a5b-4f49-9d5a-f0588d9df59b', 'Seafood', 'Crustaceans', 'Fresh/frozen/previously frozen crustacean shellfish', 'HIGH', ARRAY['first_land_based_receiving','shipping','receiving','transformation'], '{"first_land_based_receiving": ["tlc", "species", "quantity", "uom", "harvest_date_range", "catch_location", "receiver_location", "landing_date", "reference_doc"]}'::jsonb, ARRAY['§1.1335','§1.1340','§1.1345','§1.1350'], ARRAY['shrimp','crab','lobster','crayfish','langoustine','prawns'], ARRAY['canned/shelf-stable products'], '2026-01-20');
INSERT INTO food_traceability_list (id, category, food_name, description, outbreak_risk, applicable_ctes, required_kdes, cfr_sections, examples, exclusions, effective_date) VALUES ('575f9463-a70f-4762-ada2-05cf7eb0142f', 'Seafood', 'Finfish (ciguatoxin)', 'Fresh/frozen finfish species associated with ciguatera poisoning', 'HIGH', ARRAY['first_land_based_receiving','shipping','receiving','transformation'], '{"first_land_based_receiving": ["tlc", "species", "quantity", "uom", "harvest_date_range", "catch_location", "receiver_location", "landing_date", "reference_doc"]}'::jsonb, ARRAY['§1.1335','§1.1340','§1.1345','§1.1350'], ARRAY['grouper','barracuda','snapper','amberjack','hogfish','king mackerel'], NULL, '2026-01-20');
INSERT INTO food_traceability_list (id, category, food_name, description, outbreak_risk, applicable_ctes, required_kdes, cfr_sections, examples, exclusions, effective_date) VALUES ('7adb92d3-7e8d-4c8a-b4cb-03447b427373', 'Seafood', 'Finfish (histamine-producing)', 'Fresh/frozen finfish species associated with histamine (scombrotoxin)', 'HIGH', ARRAY['first_land_based_receiving','shipping','receiving','transformation'], '{"first_land_based_receiving": ["tlc", "species", "quantity", "uom", "harvest_date_range", "catch_location", "receiver_location", "landing_date", "reference_doc"]}'::jsonb, ARRAY['§1.1335','§1.1340','§1.1345','§1.1350'], ARRAY['tuna','mackerel','mahi-mahi','swordfish','bluefish','amberjack'], ARRAY['canned/shelf-stable products'], '2026-01-20');
INSERT INTO food_traceability_list (id, category, food_name, description, outbreak_risk, applicable_ctes, required_kdes, cfr_sections, examples, exclusions, effective_date) VALUES ('31e10c2b-46ad-4f87-b765-6fe69827ce0a', 'Seafood', 'Finfish (other)', 'Fresh/frozen/previously frozen finfish not in histamine or ciguatoxin categories', 'MODERATE', ARRAY['first_land_based_receiving','shipping','receiving','transformation'], '{"first_land_based_receiving": ["tlc", "species", "quantity", "uom", "harvest_date_range", "catch_location", "receiver_location", "landing_date", "reference_doc"]}'::jsonb, ARRAY['§1.1335','§1.1340','§1.1345','§1.1350'], ARRAY['salmon','cod','tilapia','halibut','trout','bass','catfish'], ARRAY['canned/shelf-stable products'], '2026-01-20');
INSERT INTO food_traceability_list (id, category, food_name, description, outbreak_risk, applicable_ctes, required_kdes, cfr_sections, examples, exclusions, effective_date) VALUES ('a464d045-44dc-45e9-a155-7f778dd747cf', 'Seafood', 'Molluscan Shellfish (bivalve)', 'Fresh/frozen bivalve molluscan shellfish', 'HIGH', ARRAY['first_land_based_receiving','shipping','receiving','transformation'], '{"first_land_based_receiving": ["tlc", "species", "quantity", "uom", "harvest_date_range", "catch_location", "receiver_location", "landing_date", "reference_doc"]}'::jsonb, ARRAY['§1.1335','§1.1340','§1.1345','§1.1350'], ARRAY['oysters','clams','mussels','scallops (whole)'], ARRAY['scallop adductor muscle only','products under NSSP (§1.1305(f))'], '2026-01-20');
INSERT INTO food_traceability_list (id, category, food_name, description, outbreak_risk, applicable_ctes, required_kdes, cfr_sections, examples, exclusions, effective_date) VALUES ('9d5b0ed1-273c-4a2f-825d-4b3bb2eb8ec9', 'Seafood', 'Smoked Finfish', 'Cold-smoked and hot-smoked finfish products', 'HIGH', ARRAY['shipping','receiving','transformation'], '{"shipping": ["tlc", "quantity", "uom", "product_description", "recipient_location", "ship_from_location", "ship_date", "tlc_source", "reference_doc"]}'::jsonb, ARRAY['§1.1340','§1.1345','§1.1350'], ARRAY['smoked salmon','lox','kippered herring','smoked trout','smoked whitefish'], ARRAY['shelf-stable smoked fish'], '2026-01-20');

COMMIT;
